City,Cloudiness,Country,Date,Humidity,Lat,Lng,Max Temp,Wind Speed
Hermanus,26,ZA,1555722083,85,-34.42,19.24,59.0,19.35
Lebu,67,ET,1555722586,84,8.96,38.73,57.19,2.73
Busselton,80,AU,1555722323,93,-33.64,115.35,51.01,18.16
Jamestown,0,AU,1555722589,17,-33.21,138.6,82.53,18.03
Cidreira,39,BR,1555722590,77,-30.17,-50.22,70.56,4.27
Kodiak,1,US,1555722530,4,39.95,-94.76,62.6,6.93
Albany,90,US,1555722271,100,42.65,-73.75,68.0,4.7
Niceville,90,US,1555722214,62,30.52,-86.48,62.6,10.29
Ushuaia,20,AR,1555718400,81,-54.81,-68.31,44.6,38.03
Cape Town,75,ZA,1555722363,93,-33.93,18.42,60.8,10.29
Ngunguru,82,NZ,1555722485,75,-35.62,174.5,66.0,5.99
Saint-Philippe,90,CA,1555722595,93,45.36,-73.48,42.8,19.46
Castro,90,CL,1555718400,87,-42.48,-73.76,50.0,4.7
Kurumkan,100,RU,1555722601,93,54.33,110.32,7.63,11.59
Airai,8,TL,1555722602,65,-8.93,125.41,80.59,4.72
Qaanaaq,98,GL,1555722603,82,77.48,-69.36,-16.74,2.91
Bluff,0,AU,1555722604,53,-23.58,149.07,79.2,16.87
Bosobolo,100,CD,1555722605,89,4.19,19.88,72.06,2.68
Kudahuvadhoo,80,MV,1555722607,71,2.67,72.89,85.93,12.37
Bodden Town,20,KY,1555722004,69,19.28,-81.25,82.4,10.29
Dikson,94,RU,1555722609,100,73.51,80.55,-8.64,2.24
Barrow,0,AR,1555722610,69,-38.31,-60.23,55.42,4.32
Ambovombe,28,MG,1555722611,76,-25.18,46.09,76.95,26.17
Dongsheng,35,CN,1555722613,69,29.72,112.52,65.47,11.01
Shunyi,40,CN,1555722607,81,40.13,116.65,52.0,2.24
Victoria,75,BN,1555720200,88,5.28,115.24,82.4,2.24
Punta Arenas,75,CL,1555722190,76,-53.16,-70.91,48.2,32.21
Mataura,100,NZ,1555722607,96,-46.19,168.86,54.0,2.73
Butaritari,100,KI,1555722619,78,3.07,172.79,82.62,22.08
Newport,77,GB,1555722554,76,51.59,-3.0,57.0,9.17
Millinocket,90,US,1555722527,87,45.66,-68.71,57.99,3.36
Florianopolis,0,BR,1555722306,88,-27.6,-48.55,73.4,4.7
Yulara,76,AU,1555718400,20,-25.24,130.99,77.0,5.82
Mahebourg,75,MU,1555722542,83,-20.41,57.7,78.8,11.41
Lata,2,IN,1555722626,51,30.78,78.62,20.38,11.05
Masvingo,0,ZW,1555722627,83,-20.08,30.83,61.51,2.1
Kaitangata,100,NZ,1555722516,88,-46.28,169.85,55.99,3.0
Kavieng,100,PG,1555722630,72,-2.57,150.8,84.89,7.81
Lancaster,90,US,1555722558,94,40.04,-76.31,70.0,9.17
Bathsheba,40,BB,1555718400,78,13.22,-59.52,78.8,21.92
Bud,74,NO,1555722076,86,62.91,6.91,44.6,6.93
Pakxan,1,LA,1555722635,83,18.39,103.66,76.16,2.13
Bredasdorp,60,ZA,1555722056,82,-34.53,20.04,59.0,5.82
Burns Lake,94,CA,1555722637,47,54.23,-125.76,41.64,12.01
Boende,100,CD,1555722638,90,-0.28,20.88,73.98,2.55
Guerrero Negro,94,MX,1555722639,78,27.97,-114.04,63.94,13.78
Carroll,0,AU,1555722098,44,-30.99,150.44,78.01,10.29
Mukhen,6,RU,1555722642,60,48.19,136.14,40.12,1.19
Port Alfred,97,ZA,1555722459,71,-33.59,26.89,66.0,8.99
Hilo,40,US,1555722625,57,19.71,-155.08,80.6,12.75
Nantucket,90,US,1555722500,93,41.28,-70.1,64.0,9.17
Meulaboh,100,ID,1555722365,76,4.14,96.13,82.44,6.58
Rikitea,22,PF,1555722647,78,-23.12,-134.97,79.08,11.05
Bokhan,35,RU,1555722648,41,53.15,103.77,28.73,4.76
Georgetown,20,GY,1555718400,88,6.8,-58.16,78.8,9.17
Kapaa,1,US,1555722209,58,22.08,-159.32,82.4,13.87
Tessalit,0,ML,1555722652,10,20.2,1.01,85.45,6.89
Nortelandia,52,BR,1555722653,77,-14.45,-56.8,77.51,3.38
Hobart,0,AU,1555722620,62,-42.88,147.33,69.01,8.05
Aswan,0,EG,1555718400,28,24.09,32.9,68.0,3.36
East London,97,ZA,1555722435,56,-33.02,27.91,65.0,10.47
Viedma,0,AR,1555722658,66,-40.81,-62.99,59.76,13.31
North Bend,90,US,1555722321,87,43.41,-124.22,55.4,8.05
Broome,0,GB,1555722640,93,52.47,1.45,48.99,2.24
Norman Wells,90,CA,1555718400,69,65.28,-126.83,37.4,9.17
Adrar,0,DZ,1555718400,13,27.87,-0.29,71.6,8.05
Rundu,100,NA,1555718400,48,-17.91,19.77,66.2,3.36
Fairbanks,75,US,1555722359,74,64.84,-147.72,36.0,2.95
Thompson,90,CA,1555718400,93,55.74,-97.86,42.8,12.75
Bethel,90,US,1555718160,46,60.79,-161.76,30.2,4.7
Upernavik,0,GL,1555722669,69,72.79,-56.15,5.51,8.16
Alice Springs,35,AU,1555720200,26,-23.7,133.88,82.4,9.17
Romitan,18,UZ,1555718400,93,39.93,64.38,51.8,6.93
Peniche,0,PT,1555722524,82,39.36,-9.38,59.0,8.05
Yumen,31,CN,1555722673,37,40.29,97.04,53.55,1.14
Souillac,0,FR,1555722610,66,45.6,-0.6,59.0,5.82
Sangar,100,RU,1555722676,68,63.92,127.47,27.33,20.04
Omaruru,86,NA,1555722680,51,-21.42,15.95,70.49,1.86
Bambous Virieux,75,MU,1555722542,83,-20.34,57.76,78.8,11.41
Ixtapa,5,MX,1555722618,69,20.71,-105.21,78.8,5.82
Ponta do Sol,0,BR,1555722683,81,-20.63,-46.0,60.59,0.87
Khatanga,41,RU,1555722684,92,71.98,102.47,-2.88,4.81
Aguimes,75,ES,1555722629,59,27.91,-15.45,64.4,18.34
Vaini,13,IN,1555718400,83,15.34,74.49,69.8,3.36
Namibe,3,AO,1555722688,77,-15.19,12.15,75.24,9.01
Puerto Ayora,40,EC,1555722064,83,-0.74,-90.35,80.6,14.99
Hasaki,75,JP,1555722684,50,35.73,140.83,60.01,9.17
Smithers,75,CA,1555718400,36,54.78,-127.17,46.4,14.99
Yarensk,100,RU,1555722693,87,62.17,49.09,31.99,1.36
Atuona,20,PF,1555722694,71,-9.8,-139.03,83.99,10.22
Nea Stira,75,GR,1555722664,81,38.18,24.2,55.99,5.82
Ust-Kuyga,19,RU,1555722696,73,70.0,135.55,15.9,5.95
College,75,US,1555722663,74,64.86,-147.8,36.0,2.95
Poum,0,MK,1555722699,76,41.28,20.71,41.4,4.07
New Norfolk,0,AU,1555722675,62,-42.78,147.06,69.01,8.05
Yellowknife,90,CA,1555718400,74,62.45,-114.38,33.8,10.29
Faanui,72,PF,1555722702,73,-16.48,-151.75,85.32,9.15
Nanortalik,0,GL,1555722703,77,60.14,-45.24,29.36,11.88
Rocha,76,UY,1555722476,74,-34.48,-54.34,66.39,4.45
Hailey,5,US,1555722027,34,43.52,-114.32,66.2,9.17
Gat,2,SN,1555720200,77,14.69,-16.54,68.0,19.46
Hastings,0,NZ,1555722708,49,-39.64,176.84,68.01,2.04
Hithadhoo,85,MV,1555722709,75,-0.6,73.08,84.85,18.72
Tiksi,24,RU,1555722710,72,71.64,128.87,15.14,7.58
Isangel,75,VU,1555718400,70,-19.55,169.27,84.2,17.22
Rio Gallegos,0,AR,1555718400,61,-51.62,-69.22,50.0,19.46
Yankton,1,US,1555718160,31,42.87,-97.4,64.4,6.93
Burnie,69,AU,1555722543,80,-41.05,145.91,66.0,1.01
Port Macquarie,40,AU,1555722305,78,-31.43,152.91,73.99,2.26
San Cristobal,90,EC,1555722024,93,-0.39,-78.55,57.2,3.36
Bubaque,0,GW,1555722719,73,11.28,-15.83,78.63,13.38
Belmonte,81,PT,1555722064,72,40.36,-7.35,57.0,1.99
Parana,40,BR,1555718400,94,-7.52,-72.89,77.0,3.36
Constitucion,20,MX,1555722616,5,23.99,-104.67,78.8,11.41
Lagoa,0,PT,1555722145,82,37.14,-8.45,55.99,12.46
Huanuco,75,PE,1555722725,98,-9.93,-76.24,43.94,3.94
Saint-Pierre,0,FR,1555722070,71,48.95,4.24,57.2,8.05
Mar del Plata,96,AR,1555722728,52,-46.43,-67.52,56.41,8.28
Eufaula,40,US,1555722526,66,31.89,-85.15,57.2,8.05
Russell,0,AR,1555718400,64,-33.01,-68.8,69.8,3.36
Avarua,85,CK,1555720200,57,-21.21,-159.78,78.8,9.17
Sao Filipe,9,CV,1555722733,85,14.9,-24.5,71.5,20.02
Ancud,90,CL,1555718400,87,-41.87,-73.83,50.0,4.7
Lake Havasu City,1,US,1555722372,9,34.47,-114.34,96.8,6.93
Pangnirtung,96,CA,1555722736,97,66.15,-65.72,16.54,2.01
Chuy,59,UY,1555722737,73,-33.69,-53.46,70.96,10.29
Berlevag,80,NO,1555722738,86,70.86,29.09,41.8,21.74
Dwarka,0,IN,1555720200,64,28.58,77.04,69.8,4.7
Abaza,100,RU,1555722741,75,52.65,90.1,24.0,3.24
Beira,1,ES,1555722686,62,43.2,-8.36,64.0,1.12
Nevelsk,40,RU,1555720200,48,46.67,141.86,44.6,8.95
Port Elizabeth,90,US,1555722738,83,39.31,-74.98,70.0,18.34
Labuhan,97,ID,1555722745,83,-2.54,115.51,79.94,1.03
Avera,1,US,1555722721,63,33.19,-82.53,64.4,12.75
Marfino,52,RU,1555722385,74,56.07,37.56,42.01,2.24
Ahome,90,MX,1555722256,25,25.92,-109.18,87.8,9.17
Laguna,75,MX,1555717320,14,27.52,-110.01,93.2,9.17
Anaco,95,VE,1555722751,49,9.43,-64.46,86.15,9.93
Manakara,82,MG,1555722752,95,-22.14,48.01,73.5,6.17
Victor Harbor,0,AU,1555722680,17,-35.55,138.62,87.01,20.8
Harper,1,US,1555722630,37,30.3,-99.24,72.0,5.82
Waingapu,13,ID,1555722756,79,-9.65,120.26,79.27,11.81
Mount Isa,0,AU,1555720200,30,-20.73,139.49,84.2,16.11
Pevek,100,RU,1555722758,90,69.7,170.27,7.99,12.66
Bhuj,0,IN,1555722759,46,23.25,69.67,78.91,7.07
Lorengau,47,PG,1555722760,65,-2.02,147.27,85.99,1.72
Belen,40,TR,1555722572,81,36.49,36.19,54.0,9.17
Derzhavinsk,100,KZ,1555722763,69,51.1,66.31,29.0,10.63
Komsomolskiy,96,RU,1555722764,96,67.55,63.78,10.24,4.76
Emure,88,NG,1555722765,93,7.44,5.46,74.68,4.14
Ouahigouya,67,BF,1555722767,20,13.58,-2.42,96.9,4.25
Severo-Kurilsk,0,RU,1555722768,85,50.68,156.12,34.69,20.07
Am Timan,98,TD,1555722769,16,11.04,20.28,91.78,3.91
Villeneuve-sur-Lot,0,FR,1555722659,75,44.41,0.7,55.0,1.12
Bakchar,78,RU,1555722771,81,57.02,82.07,25.02,5.68
Cherskiy,6,RU,1555722773,86,68.75,161.3,5.02,5.08
Fare,97,PF,1555722774,74,-16.7,-151.02,83.27,6.78
Mirnyy,95,RU,1555722775,65,56.57,36.46,39.44,5.75
Carnarvon,98,ZA,1555722776,30,-30.97,22.13,57.19,8.23
Ribeira Grande,5,PT,1555722777,92,38.52,-28.7,62.05,13.71
Tinskoy,0,RU,1555722778,55,56.15,96.92,26.21,6.17
Novyye Gorki,49,RU,1555722780,70,56.73,41.06,36.54,3.91
Kidal,0,ML,1555722781,7,18.44,1.41,87.46,9.24
Sohag,0,EG,1555718400,37,26.55,31.7,66.2,6.93
Agapovka,31,RU,1555720200,53,53.3,59.13,24.8,6.71
Beloha,73,MG,1555722785,81,-25.17,45.06,70.0,12.53
Cabo San Lucas,20,MX,1555722137,20,22.89,-109.91,88.0,12.75
Melchor de Mencos,0,GT,1555722042,65,17.06,-89.15,78.8,20.8
Raudeberg,3,NO,1555722604,66,61.99,5.14,48.99,11.41
Vardo,90,US,1555722784,88,39.62,-77.74,69.01,11.88
Buin,0,CL,1555718400,82,-33.73,-70.74,55.4,10.29
Yichang,92,CN,1555722791,81,30.77,111.32,62.59,2.39
La Ronge,75,CA,1555718400,35,55.1,-105.3,55.4,6.93
Humaita,40,AR,1555718400,83,-24.93,-65.37,71.6,5.82
Juneau,75,US,1555722112,65,58.3,-134.42,44.6,11.41
Amot,41,NO,1555722004,75,59.57,7.99,39.0,3.24
Yarada,40,IN,1555720200,88,17.65,83.27,78.8,2.24
Naze,100,NG,1555722798,83,5.43,7.07,79.36,5.66
Vestmannaeyjar,96,IS,1555722800,80,63.44,-20.27,45.49,26.4
Santa Rosa,2,AR,1555722613,19,-36.62,-64.29,64.53,9.33
Nyurba,100,RU,1555722805,89,63.29,118.35,24.86,7.9
Shingu,20,JP,1555718400,51,33.72,135.99,62.6,8.05
Ayan,83,TR,1555722807,90,40.67,33.6,24.36,5.77
Santa Cruz,1,US,1555722525,59,36.97,-122.03,75.2,11.41
Ostrovnoy,22,RU,1555722810,92,68.05,39.51,28.84,7.43
Hinton,99,CA,1555722811,65,53.4,-117.57,39.42,8.95
Longyearbyen,75,NO,1555721400,94,78.22,15.63,32.0,13.87
Comodoro Rivadavia,0,AR,1555718400,58,-45.87,-67.48,53.6,2.24
Bria,100,CF,1555722815,69,6.54,21.99,74.56,3.31
Almaznyy,0,RU,1555720200,51,48.03,40.04,37.4,13.42
Lasa,40,CY,1555722002,72,34.92,32.53,59.0,3.36
Karasjok,99,NO,1555719600,80,69.47,25.52,41.0,23.04
Clyde River,90,CA,1555718400,77,70.47,-68.59,-2.21,4.7
Nikolskoye,0,RU,1555722643,52,59.7,30.79,44.6,6.71
Coquimbo,90,CL,1555718400,72,-29.95,-71.34,59.0,6.93
Ucluelet,20,CA,1555722460,71,48.94,-125.55,57.0,5.82
Mogadishu,61,SO,1555722824,77,2.04,45.34,81.6,5.95
Benguela,72,AO,1555722825,78,-12.58,13.4,80.59,10.09
Provideniya,29,RU,1555722827,50,64.42,-173.23,15.14,3.62
Noshiro,75,JP,1555718400,61,40.21,140.05,50.0,13.87
Keita,20,NG,1555718400,88,7.1,3.65,82.4,3.89
Buraydah,0,SA,1555718400,40,26.33,43.97,68.0,10.29
Brooks,79,CA,1555721192,46,50.57,-111.89,52.0,5.01
Arraial do Cabo,1,BR,1555722832,81,-22.97,-42.02,76.57,4.27
Coihaique,0,CL,1555718400,81,-45.58,-72.07,46.4,3.36
Okato,97,NZ,1555722341,66,-39.19,173.88,64.0,5.99
Misratah,26,LY,1555722836,77,32.38,15.09,61.44,20.29
Bemidji,1,US,1555722738,43,47.48,-94.89,55.99,5.82
Luderitz,14,NA,1555718400,82,-26.65,15.16,55.4,2.24
Cayenne,50,GF,1555720200,78,4.94,-52.33,82.4,11.41
Rawson,0,AR,1555722841,49,-43.3,-65.11,57.48,8.95
Santa Rosalia,0,IT,1555722810,76,38.07,13.27,62.01,4.7
Waipawa,0,NZ,1555721717,58,-39.94,176.59,66.0,5.01
Kapit,95,MY,1555722845,88,2.02,112.94,75.94,1.43
Fortuna,90,ES,1555722836,93,38.18,-1.13,59.0,23.04
Chokurdakh,18,RU,1555722847,85,70.62,147.9,8.01,6.24
Neftcala,100,AZ,1555722849,77,39.37,49.25,44.12,17.69
Namatanai,100,PG,1555722850,83,-3.66,152.44,80.68,3.71
Mattru,100,SL,1555722851,81,7.62,-11.83,81.22,2.75
Sieradz,0,PL,1555722614,66,51.6,18.74,46.0,2.24
Klyuchi,70,RU,1555722853,61,52.25,79.17,29.7,8.59
Flinders,1,AU,1555722851,73,-34.58,150.85,75.99,3.36
Pouembout,23,NC,1555722856,72,-21.12,164.9,81.92,14.25
Illescas,0,ES,1555722857,76,40.12,-3.85,53.01,4.7
Saint George,20,GR,1555722799,87,39.45,22.34,54.0,4.7
Suruc,0,TR,1555719600,87,36.98,38.42,43.0,3.36
Uribia,99,CO,1555722860,58,11.71,-72.27,83.97,13.51
Qaqortoq,0,GL,1555722862,40,60.72,-46.03,29.14,11.34
Salalah,75,OM,1555717800,78,17.01,54.1,80.6,4.7
Acapulco,5,MX,1555717680,83,16.86,-99.88,78.8,9.17
Jiayuguan,23,CN,1555722865,36,39.77,98.29,53.23,2.44
Haines Junction,93,CA,1555722866,29,60.75,-137.51,32.89,9.24
Tuktoyaktuk,90,CA,1555718400,72,69.44,-133.03,17.6,17.22
Eureka,90,US,1555722600,93,40.8,-124.16,57.99,12.75
Tiarei,75,PF,1555722782,74,-17.53,-149.33,86.0,9.17
Sucre,40,BO,1555718400,63,-19.05,-65.26,62.6,13.87
Litovko,0,RU,1555722872,52,49.24,135.18,42.21,2.71
Araouane,0,ML,1555722873,13,18.9,-3.53,86.33,9.01
Guapiacu,0,BR,1555718400,64,-20.8,-49.22,73.4,2.77
Zonguldak,96,TR,1555722617,62,41.25,31.83,47.18,9.64
Esperance,20,TT,1555722608,78,10.24,-61.45,80.6,3.36
Tura,52,IN,1555722878,61,25.52,90.21,75.44,4.9
Sundarnagar,0,IN,1555722879,52,31.53,76.88,64.15,4.47
Atambua,3,ID,1555722690,69,-9.11,124.89,83.14,10.33
Port Said,0,EG,1555722882,30,25.34,30.55,70.69,10.22
Marsh Harbour,42,BS,1555722883,82,26.54,-77.06,77.53,20.96
Ornskoldsvik,75,SE,1555719600,56,63.29,18.72,44.6,8.05
Katsuura,38,JP,1555722489,50,33.93,134.5,57.2,9.17
Elk City,1,US,1555722630,34,35.41,-99.4,69.8,5.82
Prince Rupert,20,CA,1555718400,65,54.32,-130.32,46.4,9.17
Saskylakh,3,RU,1555722889,89,71.97,114.09,-0.27,2.26
Ullapool,98,GB,1555722622,70,57.9,-5.16,57.0,1.99
Salym,100,RU,1555722891,96,60.06,71.48,30.69,6.02
Saint Anthony,1,US,1555722800,28,43.97,-111.68,71.6,9.17
Yeppoon,90,AU,1555720200,58,-23.13,150.74,82.4,12.75
Kiri Buru,33,IN,1555722894,63,22.08,85.35,74.25,2.77
Hofn,100,IS,1555722895,98,64.25,-15.21,34.18,18.43
Malindi,20,KE,1555722835,87,-3.22,40.12,79.45,6.46
Port Lincoln,76,AU,1555722898,47,-34.72,135.86,74.2,22.01
Camocim,98,BR,1555722732,94,-2.9,-40.84,76.72,4.61
Narsaq,0,GL,1555722900,40,60.91,-46.05,29.14,11.34
Boa Vista,20,BR,1555722000,46,2.82,-60.67,89.6,9.17
Gushikawa,75,JP,1555722786,78,26.35,127.87,73.4,10.29
Talnakh,20,RU,1555720200,76,69.49,88.39,-11.21,15.66
Husavik,90,CA,1555722606,44,50.56,-96.99,62.01,15.01
Khash,0,IR,1555722668,37,28.22,61.21,59.69,4.56
Emilio Carranza,0,MX,1555722908,28,19.97,-96.61,79.78,4.14
Geraldton,20,CA,1555718400,26,49.72,-86.95,55.4,4.7
Kivertsi,0,UA,1555722638,77,50.83,25.46,35.01,0.56
Lompoc,40,US,1555722837,87,34.64,-120.46,64.99,8.05
Boddam,100,GB,1555722844,71,57.47,-1.78,51.8,9.17
Pisco,0,PE,1555722051,73,-13.71,-76.2,73.4,5.82
Christchurch,88,NZ,1555722784,63,-43.53,172.64,71.01,2.24
Port Blair,22,IN,1555722916,68,11.67,92.75,85.18,7.18
San Quintin,14,PH,1555722917,59,17.54,120.52,85.86,1.68
Makakilo City,1,US,1555722899,45,21.35,-158.09,86.0,8.05
Havelock,75,US,1555722836,100,34.88,-76.9,69.01,9.17
Zatoka,0,PL,1555722919,65,50.04,20.52,52.0,1.12
Pochinok,51,RU,1555722922,66,54.4,32.44,41.22,5.48
Shimoda,75,JP,1555722034,59,34.7,138.93,64.4,8.05
Mecca,18,SA,1555722687,55,21.43,39.83,71.79,10.0
Lafiagi,100,NG,1555722926,58,8.85,5.42,88.47,9.95
Klaksvik,88,FO,1555721400,93,62.23,-6.59,48.2,11.41
Soyo,100,AO,1555722928,86,-6.13,12.37,82.77,8.59
Bereda,14,ES,1555722922,62,43.27,-7.54,57.2,1.12
San Pedro de Macoris,20,DO,1555722810,69,18.46,-69.3,79.0,11.41
Pochutla,75,MX,1555721245,69,15.74,-96.47,84.0,6.93
Saquena,100,PE,1555722933,93,-4.67,-73.52,76.65,1.74
North Myrtle Beach,40,US,1555722925,100,33.83,-78.68,69.01,16.11
Houston,1,US,1555722824,22,29.76,-95.37,69.01,11.41
Ringkobing,0,DK,1555719600,64,56.09,8.24,41.0,4.97
Mount Gambier,98,AU,1555718400,33,-37.83,140.78,73.4,16.11
Moundou,100,TD,1555722939,53,8.57,16.07,84.4,10.09
Rio Grande,42,BR,1555722940,92,-32.03,-52.1,64.33,3.04
Mnogovershinnyy,98,RU,1555722941,99,53.94,139.92,31.3,0.58
Merzifon,75,TR,1555719600,85,40.87,35.46,37.4,1.12
Xiongzhou,90,CN,1555722934,88,32.34,118.83,71.01,8.95
Veraval,0,FR,1555722937,71,49.65,0.71,57.0,10.29
Neiafu,40,TO,1555718400,65,-18.65,-173.98,82.4,14.99
Sovetskiy,98,RU,1555722947,80,56.76,48.47,36.52,1.5
Pa Sang,20,TH,1555722908,54,18.53,98.94,87.01,3.74
Tenenkou,0,ML,1555722949,11,14.46,-4.91,92.14,5.84
Aksarka,15,RU,1555722950,89,66.56,67.8,4.07,0.89
Caravelas,0,BR,1555722949,82,-17.73,-39.27,78.79,3.89
Orebro,79,SE,1555722910,52,59.27,15.21,39.2,1.12
Yalova,75,TR,1555722058,81,40.66,29.27,46.0,7.94
Mahon,75,IE,1555722936,71,51.89,-8.4,51.8,5.82
Torbay,90,CA,1555722452,90,47.66,-52.73,37.0,27.51
Adre,73,TD,1555722957,10,13.47,22.2,83.7,19.1
Rudnyy,0,KZ,1555720200,79,52.96,63.12,19.4,2.24
San Policarpo,9,PH,1555722960,73,12.18,125.51,82.66,6.31
Tasiilaq,98,GL,1555722961,76,65.61,-37.64,32.11,2.68
Camopi,99,GF,1555722962,99,3.17,-52.33,73.53,2.48
Totskoye,0,RU,1555722963,55,52.53,52.75,33.12,4.36
San Patricio,30,PY,1555722965,69,-26.98,-56.83,77.35,2.64
Puerto Escondido,75,MX,1555717440,69,15.86,-97.07,80.6,6.93
Nacala,71,MZ,1555722967,97,-14.56,40.69,72.88,7.38
Miura,75,JP,1555722904,58,35.17,139.64,62.01,9.17
Vostok,0,RU,1555722970,39,46.45,135.83,41.02,3.18
Iqaluit,90,CA,1555722762,92,63.75,-68.52,26.6,11.41
Soderhamn,0,SE,1555722972,66,61.3,17.06,46.6,3.71
Dunedin,72,NZ,1555722361,80,-45.87,170.5,57.0,4.0
Las Vegas,1,US,1555722667,7,36.17,-115.15,87.8,16.11
Lodja,95,CD,1555722975,73,-3.52,23.6,75.06,2.13
Kibre Mengist,86,ET,1555722976,98,5.87,38.99,55.08,2.75
Zhigansk,75,RU,1555722978,74,66.77,123.37,19.84,8.12
Storslett,100,NO,1555722979,86,69.77,21.03,42.91,7.27
Kahului,90,US,1555722910,69,20.89,-156.47,84.2,11.41
Galbshtadt,100,RU,1555722981,55,53.23,78.98,31.39,7.2
Innisfail,90,CA,1555722615,93,52.02,-113.95,37.99,9.17
Connersville,90,US,1555722980,100,39.64,-85.14,46.4,20.8
Bolshaya Rechka,0,RU,1555722000,50,51.95,104.74,30.2,4.47
Bonga,57,ET,1555722986,86,7.26,36.25,59.38,2.64
Cap Malheureux,40,MU,1555722841,83,-19.98,57.61,78.8,12.75
Evensk,88,RU,1555722988,82,61.92,159.24,32.64,8.97
Blois,0,FR,1555722911,100,47.59,1.33,57.2,6.13
Ilulissat,0,GL,1555722991,68,69.22,-51.1,17.25,4.79
Saint-Augustin,0,FR,1555722949,66,44.83,-0.61,55.4,2.24
Pacific Grove,20,US,1555722993,67,36.62,-121.92,72.0,16.11
Tres Passos,33,BR,1555722995,64,-27.46,-53.93,71.57,4.12
Tautira,75,PF,1555722782,74,-17.73,-149.15,86.0,9.17
Rome,0,IT,1555722908,50,41.89,12.48,55.4,4.7
Ajaccio,0,FR,1555722000,70,41.93,8.74,55.4,5.82
Suntar,100,RU,1555722999,85,62.16,117.65,27.07,6.89
Gumdag,34,TM,1555723001,62,39.2,54.59,48.62,10.96
Corinth,75,GR,1555722958,87,37.94,22.93,55.99,8.05
Gornopravdinsk,99,RU,1555723003,96,60.06,69.92,29.97,5.84
Ananindeua,75,BR,1555722000,94,-1.37,-48.4,75.2,13.87
Jaynagar-Majilpur,75,IN,1555720200,65,22.18,88.42,77.0,6.93
Kaeo,88,NZ,1555722485,75,-35.1,173.78,66.0,5.99
Warwick,90,US,1555723006,100,41.7,-71.42,66.0,8.05
Srednekolymsk,97,RU,1555723009,82,67.46,153.71,16.81,13.13
Carballo,0,ES,1555722986,62,43.21,-8.69,64.0,1.12
Yar-Sale,78,RU,1555723012,94,66.83,70.83,9.88,10.6
Isparta,0,TR,1555721400,69,37.77,30.56,34.0,11.41
Maceio,40,BR,1555722000,94,-9.67,-35.74,77.0,3.36
Porto Velho,20,BR,1555722000,83,-8.75,-63.87,78.8,2.04
Necochea,0,AR,1555720309,74,-38.55,-58.74,59.0,1.83
Chapais,75,CA,1555718400,60,49.78,-74.86,39.2,3.36
Naryan-Mar,97,RU,1555723019,95,67.67,53.09,31.83,11.18
Pailon,75,BO,1555718400,88,-17.66,-62.72,78.8,9.17
Zhaozhou,100,CN,1555723021,14,45.71,125.27,56.67,21.23
Carutapera,100,BR,1555722930,92,-1.2,-46.02,78.18,6.33
Ratnagiri,6,IN,1555723023,73,16.98,73.3,82.55,13.85
Aklavik,90,CA,1555718400,67,68.22,-135.01,23.0,4.7
Kuala Terengganu,75,MY,1555718400,94,5.33,103.14,78.8,4.7
Belyy Yar,0,RU,1555720200,73,53.6,91.39,24.8,1.72
Zarubino,50,RU,1555723028,22,42.65,131.06,49.27,4.83
Baykit,3,RU,1555723029,89,61.68,96.39,8.26,7.05
Tilichiki,43,RU,1555723030,67,60.47,166.1,38.0,8.41
Blagoyevo,100,RU,1555723031,93,63.37,47.92,31.75,2.21
Hami,0,CN,1555723033,25,42.84,93.51,63.97,10.56
Kulhudhuffushi,100,MV,1555723034,73,6.62,73.07,85.39,9.66
Chenzhou,47,CN,1555723035,74,25.81,113.03,77.67,1.66
Lincoln,19,GB,1555722921,93,53.23,-0.54,46.99,3.36
Nizhniy Odes,85,RU,1555723037,98,63.64,54.86,30.55,4.07
Banff,99,CA,1555722242,92,51.18,-115.57,34.0,1.01
Krasnoborsk,100,RU,1555723040,94,61.56,45.93,34.02,4.09
Bourail,46,NC,1555723041,67,-21.57,165.5,79.49,11.45
Abasha,90,GE,1555720200,100,42.2,42.2,46.4,2.24
Sobolevo,64,RU,1555723043,64,54.43,31.9,41.96,5.19
Nemuro,20,JP,1555718400,33,43.32,145.57,46.4,2.24
Nouadhibou,0,MR,1555723046,84,20.93,-17.03,64.42,25.19
Dali,0,CN,1555723047,67,25.6,100.24,52.08,3.38
Vila Franca do Campo,40,PT,1555720200,88,37.72,-25.43,62.6,3.36
Vila Velha,0,BR,1555722502,88,-3.71,-38.6,81.0,4.7
Harlingen,1,US,1555723003,49,26.19,-97.7,84.2,9.17
Kavaratti,91,IN,1555723052,67,10.57,72.64,84.58,10.71
Corvallis,90,US,1555722781,93,44.56,-123.26,60.01,12.75
Nelson Bay,40,AU,1555723046,83,-32.72,152.14,80.01,8.05
Irun,0,FR,1555723028,82,43.34,-1.79,57.2,1.12
Nakhon Thai,13,TH,1555718400,74,17.1,100.84,82.4,0.63
Abu Kamal,78,SY,1555723058,56,34.45,40.92,56.41,10.89
Gazanjyk,37,TM,1555723059,52,39.24,55.52,52.6,11.81
Alofi,75,NU,1555718400,65,-19.06,-169.92,80.6,20.8
Shyroke,76,UA,1555723061,45,47.96,38.23,40.0,8.99
Camacha,75,PT,1555720200,72,33.08,-16.33,60.8,17.22
Leningradskiy,65,RU,1555723064,88,69.38,178.42,7.11,4.21
Antofagasta,90,CL,1555718400,63,-23.65,-70.4,64.4,12.75
Princeville,1,US,1555723006,58,22.22,-159.49,82.4,13.87
Havre-Saint-Pierre,90,CA,1555722900,93,50.23,-63.6,32.0,9.17
Teya,20,MX,1555722906,41,21.05,-89.07,78.8,17.22
Parnaiba,100,BR,1555723072,93,-2.9,-41.78,76.9,2.33
Yenagoa,94,NG,1555723074,94,4.92,6.26,77.49,3.91
Leh,0,IN,1555723078,30,34.16,77.58,14.42,3.83
Beringovskiy,3,RU,1555723079,82,63.05,179.32,23.28,15.1
Bilma,0,NE,1555723080,11,18.69,12.92,77.26,6.78
Nisia Floresta,40,BR,1555722000,88,-6.09,-35.21,82.4,8.05
Halifax,90,CA,1555722915,100,44.65,-63.58,50.0,16.11
Akdepe,75,TM,1555720200,69,42.05,59.39,42.8,11.41
Vangaindrano,100,MG,1555723085,95,-23.35,47.6,70.78,7.05
Finschhafen,39,PG,1555723086,56,-6.6,147.85,78.54,3.8
Mykhaylivka,0,UA,1555718400,55,47.27,35.22,39.2,6.71
Codrington,75,AU,1555722884,78,-28.95,153.24,77.0,2.24
Chazuta,40,PE,1555718400,290,-6.57,-76.13,62.6,3.36
Touros,40,BR,1555722000,88,-5.2,-35.46,82.4,8.05
Kotaparh,30,IN,1555723092,66,19.15,82.35,75.3,4.16
Kautokeino,99,NO,1555723093,94,69.01,23.04,36.54,9.15
Thinadhoo,100,MV,1555723094,74,0.53,72.93,84.96,18.34
Portland,90,US,1555722993,93,45.52,-122.67,57.0,6.93
Susanville,1,US,1555722595,21,40.42,-120.65,71.6,12.75
Osoyoos,75,CA,1555723030,52,49.03,-119.47,66.2,6.93
Linkoping,99,SE,1555719600,56,58.41,15.62,42.8,1.9
Capitao Poco,100,BR,1555723100,97,-1.75,-47.06,75.35,3.2
Lavrentiya,0,RU,1555723101,82,65.58,-170.99,4.25,6.46
Sabzevar,1,IR,1555723102,63,36.21,57.68,55.41,5.32
Shumskiy,0,RU,1555723103,44,54.83,99.13,26.05,3.74
Cabedelo,20,BR,1555718400,88,-6.97,-34.84,80.6,3.36
Faya,0,SA,1555718400,82,18.39,42.45,64.4,2.44
Sao Lourenco da Mata,40,BR,1555722000,83,-8.0,-35.02,82.4,5.82
Dolakovo,100,RU,1555723108,89,43.24,44.59,35.08,7.65
Suvorovo,40,BG,1555722000,81,43.33,27.59,42.8,11.41
Diamantino,37,BR,1555723112,76,-14.4,-56.44,77.58,3.58
Lahat,100,ID,1555723113,86,-3.78,103.55,71.79,2.77
Ratodero,0,PK,1555723114,26,27.8,68.29,81.87,3.65
Saldanha,81,PT,1555723115,62,41.42,-6.55,54.9,14.36
Bilibino,80,RU,1555723116,94,68.06,166.44,2.65,6.71
Pamanukan,99,ID,1555723117,77,-6.28,107.82,78.48,3.71
Mega,92,ET,1555723119,75,4.06,38.32,72.61,8.28
Yokadouma,100,CM,1555723120,97,3.52,15.05,71.08,1.32
Acajutla,61,SV,1555723121,73,13.59,-89.83,84.98,9.46
Tignere,94,CM,1555723122,58,7.37,12.65,75.6,4.88
Quatre Cocos,40,MU,1555722841,83,-20.21,57.76,78.8,12.75
Port Hardy,20,CA,1555718400,61,50.7,-127.42,50.0,17.22
Dakar,2,SN,1555722000,77,14.69,-17.45,68.0,19.46
Gilroy,90,US,1555723125,93,37.01,-121.56,73.99,8.05
Kant,40,KG,1555720200,87,42.89,74.85,55.4,8.95
Jalu,0,LY,1555723129,31,29.03,21.55,67.14,13.24
Walvis Bay,32,NA,1555722131,92,-22.95,14.51,55.99,5.01
Jieshou,0,CN,1555723132,66,33.26,115.35,57.64,7.56
Inca,0,EC,1555718400,74,-2.0,-80.62,80.6,9.17
Esso,96,RU,1555723134,93,55.93,158.7,31.47,1.48
Mwene-Ditu,78,CD,1555723135,72,-7.01,23.45,71.62,2.21
Saint-Joseph,0,FR,1555723086,71,43.56,6.97,62.01,4.7
Byron Bay,75,AU,1555723002,78,-28.65,153.62,77.0,2.24
Moose Factory,90,CA,1555722000,52,51.26,-80.61,42.8,4.7
Puerto Carreno,40,CO,1555718400,70,6.19,-67.49,86.0,3.49
Tazovskiy,99,RU,1555723141,92,67.47,78.7,3.84,8.19
Los Llanos de Aridane,40,ES,1555723122,77,28.66,-17.92,64.4,16.11
Henties Bay,0,NA,1555722131,92,-22.12,14.28,55.99,5.01
San Nicolas,68,HN,1555723145,92,14.94,-88.33,70.11,3.27
Charters Towers,0,AU,1555723146,51,-20.07,146.27,76.72,13.85
Kaseda,20,JP,1555722188,72,31.42,130.32,64.4,3.36
Broken Hill,23,AU,1555718400,27,-31.97,141.45,78.8,18.34
Meadow Lake,40,CA,1555718400,22,54.13,-108.44,59.0,19.46
Talara,53,PE,1555722857,86,-4.58,-81.27,73.08,21.07
Rossano,5,IT,1555723092,96,39.57,16.63,48.99,1.01
Kodinsk,1,RU,1555723153,86,58.6,99.18,19.41,8.75
Ashcroft,40,AU,1555723150,78,-33.91,150.9,77.0,5.82
Xai-Xai,0,MZ,1555723155,88,-25.04,33.64,69.07,4.92
Erenhot,100,CN,1555723156,33,43.65,111.97,42.82,18.97
Oktyabrskoye,0,RU,1555722907,79,56.73,85.44,30.99,6.71
Vanavara,100,RU,1555723159,77,60.35,102.28,15.64,13.69
Turka,0,UA,1555722970,72,49.16,23.03,35.01,2.66
Bull Savanna,0,JM,1555723162,71,17.89,-77.59,80.68,15.46
Inhambane,0,MZ,1555723163,93,-23.87,35.38,67.68,3.65
Nata,75,CY,1555722993,76,34.78,32.57,55.4,5.82
Port Hedland,54,AU,1555720200,32,-20.31,118.58,84.2,16.11
Zaragoza,0,ES,1555723006,81,41.65,-0.88,55.0,5.82
Lagos,20,NG,1555718400,88,6.46,3.39,82.4,8.59
Xacmaz,100,AZ,1555723169,99,41.46,48.81,33.61,3.18
Te Anau,99,NZ,1555723170,95,-45.41,167.72,44.28,4.29
Poplar Bluff,40,US,1555722958,71,36.76,-90.39,52.0,9.17
Banda Aceh,87,ID,1555723172,69,5.56,95.32,84.84,6.02
Santa Teresa,59,VE,1555722922,77,10.26,-66.69,71.01,4.0
Ntungamo,91,UG,1555723175,73,-0.87,30.27,58.65,2.62
Pimentel,100,BR,1555723176,97,-3.7,-45.5,75.04,2.35
Mizdah,55,LY,1555723177,55,31.45,12.98,60.75,22.37
Hambantota,20,LK,1555719000,100,6.12,81.12,77.0,1.12
Gazojak,94,TM,1555723180,48,41.19,61.4,46.62,12.46
Kushiro,20,JP,1555718400,52,43.11,144.15,44.6,9.17
Bafq,1,IR,1555723182,37,31.6,55.4,62.43,9.66
Santiago,0,CL,1555723077,82,-33.44,-70.65,55.4,10.29
Sao Miguel do Tapuio,100,BR,1555723185,96,-5.5,-41.32,73.42,4.09
Nalut,75,LY,1555723186,23,31.86,10.98,75.26,31.21
Kloulklubed,75,PW,1555721400,74,7.04,134.26,84.2,12.75
Kununurra,7,AU,1555720200,52,-15.77,128.74,87.8,3.36
Farafenni,0,GM,1555723190,22,13.57,-15.6,87.88,13.15
Kamenka,0,RU,1555722325,40,53.19,44.05,37.99,3.62
Tocopilla,98,CL,1555723192,93,-22.09,-70.2,63.78,15.21
Huangmei,0,CN,1555723193,75,30.1,115.95,70.09,6.85
Uyuni,48,BO,1555723194,28,-20.46,-66.82,56.85,2.37
Ughelli,98,NG,1555723196,92,5.49,6.0,78.52,3.13
Aras,99,YE,1555723197,74,14.28,44.38,67.52,2.57
Kiunga,92,PG,1555723198,73,-6.12,141.3,83.49,2.35
Atasu,72,KZ,1555723199,97,48.68,71.64,33.37,6.98
Egvekinot,83,RU,1555723200,81,66.32,-179.17,9.42,7.81
Grindavik,75,IS,1555722000,93,63.84,-22.43,44.01,23.04
Mapastepec,25,MX,1555723203,35,15.44,-92.9,91.84,11.39
Linqing,100,CN,1555723204,37,36.85,115.71,56.65,3.74
Baoying,87,CN,1555722974,99,33.24,119.31,71.01,1.99
Bam,36,IR,1555722973,27,29.11,58.36,60.12,10.2
Rantepao,48,ID,1555723207,87,-2.97,119.9,68.33,0.69
Culebra,1,US,1555723088,15,34.68,-105.77,72.0,10.29
Rio Verde de Mato Grosso,42,BR,1555722972,72,-18.92,-54.84,77.85,4.52
Bonavista,100,CA,1555723004,86,48.65,-53.11,35.01,1.99
Richards Bay,0,ZA,1555723212,78,-28.77,32.06,76.61,29.08
Orbe,75,CH,1555723193,81,46.72,6.53,51.8,3.0
Kang,50,BW,1555723215,32,-23.67,22.79,71.26,9.78
Seymchan,100,RU,1555723216,97,62.93,152.39,30.93,5.97
Nkayi,100,CG,1555723217,94,-4.18,13.29,77.15,2.42
Palembang,40,ID,1555720200,94,-2.99,104.76,77.0,9.17
Umkomaas,0,ZA,1555723105,87,-30.21,30.8,71.01,1.99
Sur,0,OM,1555723220,25,22.57,59.53,83.4,7.63
Rabo de Peixe,40,PT,1555720200,88,37.8,-25.58,62.6,3.36
Kuusamo,0,FI,1555719600,92,65.96,29.19,23.0,1.12
Novyy Urengoy,100,RU,1555723224,95,66.08,76.63,12.55,11.41
Port Moresby,75,PG,1555722000,62,-9.47,147.16,86.0,11.41
Morondava,0,MG,1555723226,75,-20.3,44.28,82.95,8.12
